{
	"textures": [
		{
			"image": "coin",
			"format": "RGBA8888",
			"size": {
				"w": 12,
				"h": 96
			},
			"scale": 1,
			"frames": [
				{
					"filename": "00_coin_gold.png",
					"rotated": false,
					"trimmed": true,
					"sourceSize": {
						"w": 16,
						"h": 16
					},
					"spriteSourceSize": {
						"x": 2,
						"y": 2,
						"w": 12,
						"h": 12
					},
					"frame": {
						"x": 0,
						"y": 0,
						"w": 12,
						"h": 12
					}
				},
				{
					"filename": "01_coin_gold.png",
					"rotated": false,
					"trimmed": true,
					"sourceSize": {
						"w": 16,
						"h": 16
					},
					"spriteSourceSize": {
						"x": 2,
						"y": 2,
						"w": 12,
						"h": 12
					},
					"frame": {
						"x": 0,
						"y": 12,
						"w": 12,
						"h": 12
					}
				},
				{
					"filename": "07_coin_gold.png",
					"rotated": false,
					"trimmed": true,
					"sourceSize": {
						"w": 16,
						"h": 16
					},
					"spriteSourceSize": {
						"x": 2,
						"y": 2,
						"w": 12,
						"h": 12
					},
					"frame": {
						"x": 0,
						"y": 24,
						"w": 12,
						"h": 12
					}
				},
				{
					"filename": "02_coin_gold.png",
					"rotated": false,
					"trimmed": true,
					"sourceSize": {
						"w": 16,
						"h": 16
					},
					"spriteSourceSize": {
						"x": 3,
						"y": 2,
						"w": 10,
						"h": 12
					},
					"frame": {
						"x": 0,
						"y": 36,
						"w": 10,
						"h": 12
					}
				},
				{
					"filename": "06_coin_gold.png",
					"rotated": false,
					"trimmed": true,
					"sourceSize": {
						"w": 16,
						"h": 16
					},
					"spriteSourceSize": {
						"x": 3,
						"y": 2,
						"w": 10,
						"h": 12
					},
					"frame": {
						"x": 0,
						"y": 48,
						"w": 10,
						"h": 12
					}
				},
				{
					"filename": "03_coin_gold.png",
					"rotated": false,
					"trimmed": true,
					"sourceSize": {
						"w": 16,
						"h": 16
					},
					"spriteSourceSize": {
						"x": 4,
						"y": 2,
						"w": 8,
						"h": 12
					},
					"frame": {
						"x": 0,
						"y": 60,
						"w": 8,
						"h": 12
					}
				},
				{
					"filename": "05_coin_gold.png",
					"rotated": false,
					"trimmed": true,
					"sourceSize": {
						"w": 16,
						"h": 16
					},
					"spriteSourceSize": {
						"x": 4,
						"y": 2,
						"w": 8,
						"h": 12
					},
					"frame": {
						"x": 0,
						"y": 72,
						"w": 8,
						"h": 12
					}
				},
				{
					"filename": "04_coin_gold.png",
					"rotated": false,
					"trimmed": true,
					"sourceSize": {
						"w": 16,
						"h": 16
					},
					"spriteSourceSize": {
						"x": 5,
						"y": 2,
						"w": 5,
						"h": 12
					},
					"frame": {
						"x": 0,
						"y": 84,
						"w": 5,
						"h": 12
					}
				}
			]
		}
	],
	"meta": {
		"app": "http://free-tex-packer.com",
		"version": "0.6.7"
	}
}