{ "compressionlevel":-1,
 "height":20,
 "infinite":false,
 "layers":[
        {
         "data":[108, 376, 376, 376, 376, 376, 376, 376, 376, 376, 376, 376, 376, 376, 376, 376, 376, 376, 376, 376, 376, 376, 376, 376, 376, 376, 376, 376, 376, 376, 376, 376, 376, 376, 376, 376, 376, 376, 376, 376, 376, 376, 376, 376, 376, 376, 376, 376, 376, 376, 376, 376, 376, 376, 376, 376, 376, 376, 376, 110,
            108, 376, 376, 376, 376, 376, 376, 376, 376, 376, 376, 376, 376, 376, 376, 376, 376, 376, 376, 376, 376, 376, 376, 376, 376, 376, 376, 376, 376, 376, 376, 376, 376, 376, 376, 376, 376, 376, 376, 376, 376, 376, 376, 376, 376, 376, 376, 376, 376, 376, 376, 376, 376, 376, 376, 376, 376, 376, 376, 110,
            108, 376, 376, 376, 376, 376, 376, 376, 376, 376, 376, 376, 376, 376, 376, 376, 376, 376, 376, 376, 376, 376, 376, 376, 376, 376, 376, 376, 376, 376, 376, 376, 376, 376, 376, 376, 376, 376, 376, 376, 376, 376, 376, 376, 376, 376, 376, 376, 376, 376, 376, 376, 376, 376, 376, 376, 376, 376, 376, 110,
            128, 129, 129, 129, 129, 129, 129, 129, 129, 129, 129, 129, 129, 129, 129, 129, 129, 129, 129, 129, 129, 129, 129, 129, 129, 129, 129, 129, 129, 129, 129, 129, 129, 129, 129, 129, 129, 129, 129, 129, 129, 129, 129, 129, 129, 129, 129, 129, 129, 129, 129, 129, 129, 129, 129, 129, 129, 129, 129, 130,
            0, 0, 0, 0, 0, 0, 0, 0, 0, 0, 0, 0, 0, 0, 0, 0, 0, 0, 0, 0, 0, 0, 0, 0, 0, 0, 0, 0, 0, 0, 0, 0, 0, 0, 0, 0, 0, 0, 4, 0, 0, 0, 0, 0, 0, 0, 0, 0, 0, 0, 0, 0, 0, 0, 0, 0, 0, 0, 0, 0,
            0, 0, 0, 0, 0, 0, 0, 0, 0, 0, 0, 0, 0, 0, 0, 0, 0, 0, 0, 0, 0, 0, 0, 0, 0, 0, 0, 0, 0, 0, 0, 0, 0, 0, 0, 0, 0, 0, 24, 0, 0, 0, 0, 0, 0, 0, 0, 0, 0, 0, 0, 0, 0, 0, 0, 0, 0, 0, 0, 0,
            0, 0, 0, 0, 0, 0, 0, 0, 0, 0, 0, 0, 0, 0, 0, 0, 0, 0, 0, 0, 0, 0, 0, 0, 0, 0, 0, 0, 0, 0, 0, 0, 0, 0, 0, 0, 0, 0, 24, 0, 0, 0, 0, 0, 0, 0, 0, 0, 0, 0, 0, 0, 0, 0, 0, 0, 0, 0, 0, 0,
            0, 0, 0, 0, 0, 0, 0, 0, 0, 0, 0, 0, 0, 0, 0, 0, 0, 0, 0, 0, 0, 0, 0, 0, 0, 0, 0, 0, 0, 0, 0, 0, 0, 0, 0, 0, 0, 0, 24, 0, 0, 0, 0, 0, 0, 0, 0, 0, 0, 0, 0, 0, 0, 0, 0, 0, 0, 0, 0, 0,
            0, 0, 0, 0, 0, 0, 0, 0, 0, 0, 0, 0, 0, 0, 0, 0, 0, 0, 0, 0, 0, 0, 0, 0, 0, 0, 0, 0, 0, 0, 0, 0, 0, 0, 0, 0, 0, 0, 24, 0, 0, 0, 0, 0, 0, 0, 0, 0, 0, 0, 0, 0, 0, 0, 0, 0, 0, 0, 0, 0,
            0, 0, 0, 0, 0, 0, 0, 0, 0, 0, 0, 0, 0, 65, 66, 67, 0, 0, 0, 0, 0, 0, 0, 0, 0, 0, 0, 0, 0, 0, 0, 0, 0, 0, 0, 0, 0, 0, 6, 0, 0, 0, 0, 0, 0, 0, 0, 0, 0, 0, 0, 0, 0, 0, 0, 0, 0, 0, 0, 0,
            0, 0, 0, 0, 0, 0, 0, 0, 0, 0, 0, 0, 0, 0, 0, 0, 0, 0, 0, 0, 0, 0, 0, 0, 0, 0, 0, 0, 85, 86, 87, 0, 0, 0, 0, 0, 0, 25, 26, 27, 0, 0, 0, 0, 0, 0, 0, 0, 0, 0, 0, 0, 0, 0, 0, 0, 0, 0, 0, 0,
            0, 0, 0, 0, 0, 0, 0, 0, 0, 0, 0, 0, 0, 0, 0, 0, 0, 0, 0, 0, 0, 0, 0, 0, 0, 0, 0, 0, 0, 0, 0, 0, 0, 0, 0, 0, 0, 45, 46, 47, 0, 0, 0, 0, 0, 0, 0, 0, 0, 0, 0, 0, 0, 0, 0, 0, 0, 0, 0, 0,
            0, 0, 0, 0, 0, 0, 0, 0, 0, 0, 0, 0, 0, 0, 0, 0, 0, 0, 0, 0, 65, 66, 67, 0, 0, 0, 0, 0, 0, 0, 0, 0, 0, 0, 0, 0, 0, 0, 0, 0, 0, 0, 0, 0, 0, 0, 0, 0, 0, 0, 0, 0, 0, 0, 0, 0, 0, 0, 0, 0,
            0, 0, 0, 0, 0, 65, 66, 67, 0, 0, 0, 0, 0, 0, 0, 0, 0, 0, 0, 0, 0, 0, 0, 0, 0, 0, 0, 0, 0, 0, 0, 0, 0, 0, 0, 0, 0, 0, 0, 0, 0, 0, 0, 0, 0, 0, 0, 0, 0, 0, 0, 0, 0, 0, 0, 0, 0, 0, 0, 0,
            0, 0, 0, 0, 0, 0, 0, 0, 0, 0, 0, 0, 0, 0, 0, 0, 0, 0, 0, 0, 0, 0, 0, 0, 0, 0, 0, 0, 105, 106, 107, 0, 0, 0, 0, 0, 0, 0, 0, 0, 0, 0, 0, 0, 0, 0, 0, 0, 0, 0, 0, 0, 0, 0, 0, 0, 0, 0, 0, 0,
            0, 0, 0, 0, 0, 0, 0, 0, 0, 0, 0, 0, 0, 0, 188, 189, 190, 0, 0, 0, 0, 0, 0, 0, 0, 0, 0, 0, 0, 0, 0, 0, 0, 0, 105, 106, 106, 106, 106, 107, 0, 0, 0, 0, 0, 0, 0, 0, 0, 0, 0, 0, 0, 0, 0, 0, 0, 0, 0, 0,
            0, 0, 0, 0, 0, 184, 184, 0, 0, 0, 0, 0, 0, 184, 208, 209, 210, 184, 0, 0, 0, 0, 0, 0, 0, 0, 0, 0, 0, 0, 0, 0, 0, 0, 0, 0, 0, 0, 0, 0, 0, 0, 0, 0, 0, 0, 0, 0, 0, 0, 0, 0, 0, 0, 0, 0, 0, 0, 0, 0,
            88, 89, 89, 89, 89, 89, 89, 90, 0, 0, 0, 0, 88, 89, 89, 89, 89, 89, 90, 0, 0, 0, 0, 0, 0, 0, 0, 0, 0, 0, 0, 0, 0, 0, 0, 0, 0, 0, 0, 0, 0, 0, 0, 0, 0, 88, 89, 89, 89, 89, 89, 89, 89, 89, 89, 89, 89, 89, 89, 90,
            108, 376, 376, 109, 376, 376, 376, 110, 0, 0, 0, 0, 108, 376, 376, 376, 109, 376, 110, 0, 0, 0, 0, 0, 0, 0, 0, 0, 0, 0, 0, 0, 0, 0, 0, 0, 0, 0, 0, 0, 0, 0, 0, 0, 0, 108, 376, 376, 376, 376, 376, 376, 376, 376, 109, 376, 376, 376, 376, 110,
            108, 376, 376, 376, 376, 376, 376, 110, 0, 0, 0, 0, 108, 376, 376, 376, 376, 376, 110, 0, 0, 0, 0, 0, 0, 0, 0, 0, 0, 0, 0, 0, 0, 0, 0, 0, 0, 0, 0, 0, 0, 0, 0, 0, 0, 108, 376, 109, 376, 376, 376, 376, 376, 109, 376, 376, 376, 376, 376, 110],
         "height":20,
         "id":1,
         "name":"Suelo",
         "opacity":1,
         "type":"tilelayer",
         "visible":true,
         "width":60,
         "x":0,
         "y":0
        }, 
        {
         "draworder":"topdown",
         "id":2,
         "name":"Objetos",
         "objects":[
                {
                 "height":16,
                 "id":1,
                 "name":"Player-spawn",
                 "rotation":0,
                 "type":"",
                 "visible":true,
                 "width":16,
                 "x":15.6667,
                 "y":255
                }, 
                {
                 "height":15.75,
                 "id":6,
                 "name":"Joya",
                 "rotation":0,
                 "type":"",
                 "visible":true,
                 "width":16,
                 "x":96,
                 "y":192.25
                }, 
                {
                 "height":15.75,
                 "id":7,
                 "name":"Joya",
                 "rotation":0,
                 "type":"",
                 "visible":true,
                 "width":16,
                 "x":224,
                 "y":128
                }, 
                {
                 "height":15.75,
                 "id":8,
                 "name":"Joya",
                 "rotation":0,
                 "type":"",
                 "visible":true,
                 "width":16,
                 "x":239.5,
                 "y":223.75
                }, 
                {
                 "height":15.75,
                 "id":9,
                 "name":"Joya",
                 "rotation":0,
                 "type":"",
                 "visible":true,
                 "width":16,
                 "x":335.75,
                 "y":176
                }, 
                {
                 "height":15.75,
                 "id":10,
                 "name":"Joya",
                 "rotation":0,
                 "type":"",
                 "visible":true,
                 "width":16,
                 "x":464.25,
                 "y":143.5
                }, 
                {
                 "height":15.75,
                 "id":11,
                 "name":"Joya",
                 "rotation":0,
                 "type":"",
                 "visible":true,
                 "width":16,
                 "x":463.75,
                 "y":207.25
                }, 
                {
                 "height":6.25,
                 "id":17,
                 "name":"picos",
                 "rotation":0,
                 "type":"",
                 "visible":true,
                 "width":31.5,
                 "x":80.25,
                 "y":265
                }, 
                {
                 "height":5.5,
                 "id":18,
                 "name":"picos",
                 "rotation":0,
                 "type":"",
                 "visible":true,
                 "width":14.75,
                 "x":208.5,
                 "y":265.5
                }, 
                {
                 "height":6.5,
                 "id":19,
                 "name":"picos",
                 "rotation":0,
                 "type":"",
                 "visible":true,
                 "width":15.25,
                 "x":272.25,
                 "y":264.25
                }, 
                {
                 "height":15,
                 "id":20,
                 "name":"enemigo",
                 "rotation":0,
                 "type":"",
                 "visible":true,
                 "width":16,
                 "x":576.045,
                 "y":224.545
                }, 
                {
                 "height":15,
                 "id":21,
                 "name":"enemigo",
                 "rotation":0,
                 "type":"",
                 "visible":true,
                 "width":16,
                 "x":800.045,
                 "y":256.364
                }, 
                {
                 "height":15.75,
                 "id":24,
                 "name":"flyenemy",
                 "rotation":0,
                 "type":"",
                 "visible":true,
                 "width":15.75,
                 "x":160.25,
                 "y":240.25
                }],
         "opacity":1,
         "type":"objectgroup",
         "visible":true,
         "x":0,
         "y":0
        }],
 "nextlayerid":3,
 "nextobjectid":25,
 "orientation":"orthogonal",
 "renderorder":"right-down",
 "tiledversion":"1.10.1",
 "tileheight":16,
 "tilesets":[
        {
         "columns":20,
         "firstgid":1,
         "image":"monochrome_tilemap_transparent_packed.png",
         "imageheight":320,
         "imagewidth":320,
         "margin":0,
         "name":"darkworld",
         "properties":[
                {
                 "name":"collides",
                 "type":"bool",
                 "value":false
                }],
         "spacing":0,
         "tilecount":400,
         "tileheight":16,
         "tiles":[
                {
                 "id":44,
                 "properties":[
                        {
                         "name":"collides",
                         "type":"bool",
                         "value":true
                        }]
                }, 
                {
                 "id":45,
                 "properties":[
                        {
                         "name":"collides",
                         "type":"bool",
                         "value":true
                        }]
                }, 
                {
                 "id":46,
                 "properties":[
                        {
                         "name":"collides",
                         "type":"bool",
                         "value":true
                        }]
                }, 
                {
                 "id":63,
                 "properties":[
                        {
                         "name":"collides",
                         "type":"bool",
                         "value":true
                        }]
                }, 
                {
                 "id":64,
                 "properties":[
                        {
                         "name":"collides",
                         "type":"bool",
                         "value":true
                        }]
                }, 
                {
                 "id":65,
                 "properties":[
                        {
                         "name":"collides",
                         "type":"bool",
                         "value":true
                        }]
                }, 
                {
                 "id":66,
                 "properties":[
                        {
                         "name":"collides",
                         "type":"bool",
                         "value":true
                        }]
                }, 
                {
                 "id":83,
                 "properties":[
                        {
                         "name":"collides",
                         "type":"bool",
                         "value":true
                        }]
                }, 
                {
                 "id":84,
                 "properties":[
                        {
                         "name":"collides",
                         "type":"bool",
                         "value":true
                        }]
                }, 
                {
                 "id":85,
                 "properties":[
                        {
                         "name":"collides",
                         "type":"bool",
                         "value":true
                        }]
                }, 
                {
                 "id":86,
                 "properties":[
                        {
                         "name":"collides",
                         "type":"bool",
                         "value":true
                        }]
                }, 
                {
                 "id":87,
                 "properties":[
                        {
                         "name":"collides",
                         "type":"bool",
                         "value":true
                        }]
                }, 
                {
                 "id":88,
                 "properties":[
                        {
                         "name":"collides",
                         "type":"bool",
                         "value":true
                        }]
                }, 
                {
                 "id":89,
                 "properties":[
                        {
                         "name":"collides",
                         "type":"bool",
                         "value":true
                        }]
                }, 
                {
                 "id":103,
                 "properties":[
                        {
                         "name":"collides",
                         "type":"bool",
                         "value":true
                        }]
                }, 
                {
                 "id":104,
                 "properties":[
                        {
                         "name":"collides",
                         "type":"bool",
                         "value":true
                        }]
                }, 
                {
                 "id":105,
                 "properties":[
                        {
                         "name":"collides",
                         "type":"bool",
                         "value":true
                        }]
                }, 
                {
                 "id":106,
                 "properties":[
                        {
                         "name":"collides",
                         "type":"bool",
                         "value":true
                        }]
                }, 
                {
                 "id":107,
                 "properties":[
                        {
                         "name":"collides",
                         "type":"bool",
                         "value":true
                        }]
                }, 
                {
                 "id":108,
                 "properties":[
                        {
                         "name":"collides",
                         "type":"bool",
                         "value":true
                        }]
                }, 
                {
                 "id":109,
                 "properties":[
                        {
                         "name":"collides",
                         "type":"bool",
                         "value":true
                        }]
                }, 
                {
                 "id":127,
                 "properties":[
                        {
                         "name":"collides",
                         "type":"bool",
                         "value":true
                        }]
                }, 
                {
                 "id":128,
                 "properties":[
                        {
                         "name":"collides",
                         "type":"bool",
                         "value":true
                        }]
                }, 
                {
                 "id":129,
                 "properties":[
                        {
                         "name":"collides",
                         "type":"bool",
                         "value":true
                        }]
                }, 
                {
                 "id":143,
                 "properties":[
                        {
                         "name":"collides",
                         "type":"bool",
                         "value":true
                        }]
                }, 
                {
                 "id":144,
                 "properties":[
                        {
                         "name":"collides",
                         "type":"bool",
                         "value":true
                        }]
                }, 
                {
                 "id":145,
                 "properties":[
                        {
                         "name":"collides",
                         "type":"bool",
                         "value":true
                        }]
                }, 
                {
                 "id":146,
                 "properties":[
                        {
                         "name":"collides",
                         "type":"bool",
                         "value":true
                        }]
                }, 
                {
                 "id":187,
                 "properties":[
                        {
                         "name":"collides",
                         "type":"bool",
                         "value":true
                        }]
                }, 
                {
                 "id":188,
                 "properties":[
                        {
                         "name":"collides",
                         "type":"bool",
                         "value":true
                        }]
                }, 
                {
                 "id":189,
                 "properties":[
                        {
                         "name":"collides",
                         "type":"bool",
                         "value":true
                        }]
                }],
         "tilewidth":16
        }],
 "tilewidth":16,
 "type":"map",
 "version":"1.10",
 "width":60
}