{
  "frames": [
    {
      "filename": "enemy-death-6.png",
      "frame": {
        "x": 0,
        "y": 0,
        "w": 36,
        "h": 39
      },
      "rotated": false,
      "trimmed": true,
      "spriteSourceSize": {
        "x": 2,
        "y": 2,
        "w": 36,
        "h": 39
      },
      "sourceSize": {
        "w": 40,
        "h": 41
      },
      "pivot": {
        "x": 0.5,
        "y": 0.5
      }
    },
    {
      "filename": "enemy-death-5.png",
      "frame": {
        "x": 0,
        "y": 39,
        "w": 37,
        "h": 36
      },
      "rotated": true,
      "trimmed": true,
      "spriteSourceSize": {
        "x": 1,
        "y": 4,
        "w": 37,
        "h": 36
      },
      "sourceSize": {
        "w": 40,
        "h": 41
      },
      "pivot": {
        "x": 0.5,
        "y": 0.5
      }
    },
    {
      "filename": "enemy-death-4.png",
      "frame": {
        "x": 0,
        "y": 76,
        "w": 34,
        "h": 34
      },
      "rotated": false,
      "trimmed": true,
      "spriteSourceSize": {
        "x": 2,
        "y": 5,
        "w": 34,
        "h": 34
      },
      "sourceSize": {
        "w": 40,
        "h": 41
      },
      "pivot": {
        "x": 0.5,
        "y": 0.5
      }
    },
    {
      "filename": "enemy-death-2.png",
      "frame": {
        "x": 0,
        "y": 110,
        "w": 31,
        "h": 31
      },
      "rotated": false,
      "trimmed": true,
      "spriteSourceSize": {
        "x": 4,
        "y": 6,
        "w": 31,
        "h": 31
      },
      "sourceSize": {
        "w": 40,
        "h": 41
      },
      "pivot": {
        "x": 0.5,
        "y": 0.5
      }
    },
    {
      "filename": "enemy-death-3.png",
      "frame": {
        "x": 0,
        "y": 141,
        "w": 30,
        "h": 28
      },
      "rotated": true,
      "trimmed": true,
      "spriteSourceSize": {
        "x": 4,
        "y": 7,
        "w": 30,
        "h": 28
      },
      "sourceSize": {
        "w": 40,
        "h": 41
      },
      "pivot": {
        "x": 0.5,
        "y": 0.5
      }
    },
    {
      "filename": "enemy-death-1.png",
      "frame": {
        "x": 0,
        "y": 171,
        "w": 18,
        "h": 18
      },
      "rotated": false,
      "trimmed": true,
      "spriteSourceSize": {
        "x": 11,
        "y": 12,
        "w": 18,
        "h": 18
      },
      "sourceSize": {
        "w": 40,
        "h": 41
      },
      "pivot": {
        "x": 0.5,
        "y": 0.5
      }
    }
  ],
  "meta": {
    "app": "http://free-tex-packer.com",
    "version": "0.6.7",
    "image": "death-e.png",
    "format": "RGBA8888",
    "size": {
      "w": 36,
      "h": 189
    },
    "scale": 1
  }
}