{
  "frames": [
    {
      "filename": "tile_0324.png",
      "frame": {
        "x": 0,
        "y": 0,
        "w": 12,
        "h": 8
      },
      "rotated": false,
      "trimmed": true,
      "spriteSourceSize": {
        "x": 2,
        "y": 8,
        "w": 12,
        "h": 8
      },
      "sourceSize": {
        "w": 16,
        "h": 16
      },
      "pivot": {
        "x": 0.5,
        "y": 0.5
      }
    },
    {
      "filename": "tile_0321.png",
      "frame": {
        "x": 0,
        "y": 8,
        "w": 10,
        "h": 11
      },
      "rotated": false,
      "trimmed": true,
      "spriteSourceSize": {
        "x": 3,
        "y": 5,
        "w": 10,
        "h": 11
      },
      "sourceSize": {
        "w": 16,
        "h": 16
      },
      "pivot": {
        "x": 0.5,
        "y": 0.5
      }
    },
    {
      "filename": "tile_0322.png",
      "frame": {
        "x": 0,
        "y": 19,
        "w": 10,
        "h": 11
      },
      "rotated": false,
      "trimmed": true,
      "spriteSourceSize": {
        "x": 3,
        "y": 5,
        "w": 10,
        "h": 11
      },
      "sourceSize": {
        "w": 16,
        "h": 16
      },
      "pivot": {
        "x": 0.5,
        "y": 0.5
      }
    },
    {
      "filename": "tile_0320.png",
      "frame": {
        "x": 0,
        "y": 30,
        "w": 10,
        "h": 10
      },
      "rotated": false,
      "trimmed": true,
      "spriteSourceSize": {
        "x": 3,
        "y": 6,
        "w": 10,
        "h": 10
      },
      "sourceSize": {
        "w": 16,
        "h": 16
      },
      "pivot": {
        "x": 0.5,
        "y": 0.5
      }
    },
    {
      "filename": "tile_0323.png",
      "frame": {
        "x": 0,
        "y": 40,
        "w": 10,
        "h": 10
      },
      "rotated": false,
      "trimmed": true,
      "spriteSourceSize": {
        "x": 3,
        "y": 5,
        "w": 10,
        "h": 10
      },
      "sourceSize": {
        "w": 16,
        "h": 16
      },
      "pivot": {
        "x": 0.5,
        "y": 0.5
      }
    }
  ],
  "meta": {
    "app": "http://free-tex-packer.com",
    "version": "0.6.7",
    "image": "player.png",
    "format": "RGBA8888",
    "size": {
      "w": 12,
      "h": 50
    },
    "scale": 1
  }
}