{
  "frames": [
    {
      "filename": "tile_0380.png",
      "frame": {
        "x": 0,
        "y": 0,
        "w": 16,
        "h": 16
      },
      "rotated": false,
      "trimmed": false,
      "spriteSourceSize": {
        "x": 0,
        "y": 0,
        "w": 16,
        "h": 16
      },
      "sourceSize": {
        "w": 16,
        "h": 16
      },
      "pivot": {
        "x": 0.5,
        "y": 0.5
      }
    },
    {
      "filename": "tile_0381.png",
      "frame": {
        "x": 0,
        "y": 16,
        "w": 16,
        "h": 16
      },
      "rotated": false,
      "trimmed": false,
      "spriteSourceSize": {
        "x": 0,
        "y": 0,
        "w": 16,
        "h": 16
      },
      "sourceSize": {
        "w": 16,
        "h": 16
      },
      "pivot": {
        "x": 0.5,
        "y": 0.5
      }
    },
    {
      "filename": "tile_0382.png",
      "frame": {
        "x": 0,
        "y": 32,
        "w": 16,
        "h": 16
      },
      "rotated": false,
      "trimmed": false,
      "spriteSourceSize": {
        "x": 0,
        "y": 0,
        "w": 16,
        "h": 16
      },
      "sourceSize": {
        "w": 16,
        "h": 16
      },
      "pivot": {
        "x": 0.5,
        "y": 0.5
      }
    }
  ],
  "meta": {
    "app": "http://free-tex-packer.com",
    "version": "0.6.7",
    "image": "flyenemy.png",
    "format": "RGBA8888",
    "size": {
      "w": 16,
      "h": 48
    },
    "scale": 1
  }
}