{
  "frames": [
    {
      "filename": "opossum-4.png",
      "frame": {
        "x": 0,
        "y": 0,
        "w": 35,
        "h": 20
      },
      "rotated": false,
      "trimmed": true,
      "spriteSourceSize": {
        "x": 1,
        "y": 8,
        "w": 35,
        "h": 20
      },
      "sourceSize": {
        "w": 36,
        "h": 28
      },
      "pivot": {
        "x": 0.5,
        "y": 0.5
      }
    },
    {
      "filename": "opossum-5.png",
      "frame": {
        "x": 35,
        "y": 0,
        "w": 35,
        "h": 20
      },
      "rotated": false,
      "trimmed": true,
      "spriteSourceSize": {
        "x": 1,
        "y": 8,
        "w": 35,
        "h": 20
      },
      "sourceSize": {
        "w": 36,
        "h": 28
      },
      "pivot": {
        "x": 0.5,
        "y": 0.5
      }
    },
    {
      "filename": "opossum-3.png",
      "frame": {
        "x": 70,
        "y": 0,
        "w": 32,
        "h": 20
      },
      "rotated": false,
      "trimmed": true,
      "spriteSourceSize": {
        "x": 1,
        "y": 8,
        "w": 32,
        "h": 20
      },
      "sourceSize": {
        "w": 36,
        "h": 28
      },
      "pivot": {
        "x": 0.5,
        "y": 0.5
      }
    },
    {
      "filename": "opossum-6.png",
      "frame": {
        "x": 102,
        "y": 0,
        "w": 31,
        "h": 23
      },
      "rotated": false,
      "trimmed": true,
      "spriteSourceSize": {
        "x": 1,
        "y": 5,
        "w": 31,
        "h": 23
      },
      "sourceSize": {
        "w": 36,
        "h": 28
      },
      "pivot": {
        "x": 0.5,
        "y": 0.5
      }
    },
    {
      "filename": "opossum-2.png",
      "frame": {
        "x": 0,
        "y": 20,
        "w": 29,
        "h": 22
      },
      "rotated": false,
      "trimmed": true,
      "spriteSourceSize": {
        "x": 1,
        "y": 6,
        "w": 29,
        "h": 22
      },
      "sourceSize": {
        "w": 36,
        "h": 28
      },
      "pivot": {
        "x": 0.5,
        "y": 0.5
      }
    },
    {
      "filename": "opossum-1.png",
      "frame": {
        "x": 29,
        "y": 20,
        "w": 28,
        "h": 25
      },
      "rotated": false,
      "trimmed": true,
      "spriteSourceSize": {
        "x": 1,
        "y": 2,
        "w": 28,
        "h": 25
      },
      "sourceSize": {
        "w": 36,
        "h": 28
      },
      "pivot": {
        "x": 0.5,
        "y": 0.5
      }
    }
  ],
  "meta": {
    "app": "http://free-tex-packer.com",
    "version": "0.6.7",
    "image": "opposum.png",
    "format": "RGBA8888",
    "size": {
      "w": 133,
      "h": 45
    },
    "scale": 1
  }
}