{
  "frames": [
    {
      "filename": "tile_0245.png",
      "frame": {
        "x": 0,
        "y": 0,
        "w": 14,
        "h": 12
      },
      "rotated": false,
      "trimmed": true,
      "spriteSourceSize": {
        "x": 1,
        "y": 4,
        "w": 14,
        "h": 12
      },
      "sourceSize": {
        "w": 16,
        "h": 16
      },
      "pivot": {
        "x": 0.5,
        "y": 0.5
      }
    },
    {
      "filename": "tile_0244.png",
      "frame": {
        "x": 0,
        "y": 12,
        "w": 14,
        "h": 11
      },
      "rotated": false,
      "trimmed": true,
      "spriteSourceSize": {
        "x": 1,
        "y": 3,
        "w": 14,
        "h": 11
      },
      "sourceSize": {
        "w": 16,
        "h": 16
      },
      "pivot": {
        "x": 0.5,
        "y": 0.5
      }
    },
    {
      "filename": "tile_0246.png",
      "frame": {
        "x": 0,
        "y": 23,
        "w": 13,
        "h": 7
      },
      "rotated": false,
      "trimmed": true,
      "spriteSourceSize": {
        "x": 2,
        "y": 9,
        "w": 13,
        "h": 7
      },
      "sourceSize": {
        "w": 16,
        "h": 16
      },
      "pivot": {
        "x": 0.5,
        "y": 0.5
      }
    },
    {
      "filename": "tile_0240.png",
      "frame": {
        "x": 0,
        "y": 30,
        "w": 12,
        "h": 11
      },
      "rotated": false,
      "trimmed": true,
      "spriteSourceSize": {
        "x": 2,
        "y": 5,
        "w": 12,
        "h": 11
      },
      "sourceSize": {
        "w": 16,
        "h": 16
      },
      "pivot": {
        "x": 0.5,
        "y": 0.5
      }
    },
    {
      "filename": "tile_0241.png",
      "frame": {
        "x": 0,
        "y": 41,
        "w": 12,
        "h": 11
      },
      "rotated": false,
      "trimmed": true,
      "spriteSourceSize": {
        "x": 2,
        "y": 5,
        "w": 12,
        "h": 11
      },
      "sourceSize": {
        "w": 16,
        "h": 16
      },
      "pivot": {
        "x": 0.5,
        "y": 0.5
      }
    },
    {
      "filename": "tile_0242.png",
      "frame": {
        "x": 0,
        "y": 52,
        "w": 12,
        "h": 11
      },
      "rotated": false,
      "trimmed": true,
      "spriteSourceSize": {
        "x": 2,
        "y": 4,
        "w": 12,
        "h": 11
      },
      "sourceSize": {
        "w": 16,
        "h": 16
      },
      "pivot": {
        "x": 0.5,
        "y": 0.5
      }
    },
    {
      "filename": "tile_0243.png",
      "frame": {
        "x": 0,
        "y": 63,
        "w": 12,
        "h": 11
      },
      "rotated": false,
      "trimmed": true,
      "spriteSourceSize": {
        "x": 2,
        "y": 4,
        "w": 12,
        "h": 11
      },
      "sourceSize": {
        "w": 16,
        "h": 16
      },
      "pivot": {
        "x": 0.5,
        "y": 0.5
      }
    }
  ],
  "meta": {
    "app": "http://free-tex-packer.com",
    "version": "0.6.7",
    "image": "texture.png",
    "format": "RGBA8888",
    "size": {
      "w": 14,
      "h": 74
    },
    "scale": 1
  }
}