{
  "frames": [
    {
      "filename": "player-hurt-2.png",
      "frame": {
        "x": 0,
        "y": 0,
        "w": 23,
        "h": 26
      },
      "rotated": false,
      "trimmed": true,
      "spriteSourceSize": {
        "x": 5,
        "y": 5,
        "w": 23,
        "h": 26
      },
      "sourceSize": {
        "w": 33,
        "h": 32
      },
      "pivot": {
        "x": 0.5,
        "y": 0.5
      }
    },
    {
      "filename": "player-hurt-1.png",
      "frame": {
        "x": 0,
        "y": 26,
        "w": 25,
        "h": 25
      },
      "rotated": false,
      "trimmed": true,
      "spriteSourceSize": {
        "x": 4,
        "y": 6,
        "w": 25,
        "h": 25
      },
      "sourceSize": {
        "w": 33,
        "h": 32
      },
      "pivot": {
        "x": 0.5,
        "y": 0.5
      }
    }
  ],
  "meta": {
    "app": "http://free-tex-packer.com",
    "version": "0.6.7",
    "image": "player-death.png",
    "format": "RGBA8888",
    "size": {
      "w": 25,
      "h": 51
    },
    "scale": 1
  }
}