{
  "frames": [
    {
      "filename": "player-idle-1.png",
      "frame": {
        "x": 0,
        "y": 0,
        "w": 18,
        "h": 22
      },
      "rotated": false,
      "trimmed": true,
      "spriteSourceSize": {
        "x": 6,
        "y": 10,
        "w": 18,
        "h": 22
      },
      "sourceSize": {
        "w": 33,
        "h": 32
      },
      "pivot": {
        "x": 0.5,
        "y": 0.5
      }
    },
    {
      "filename": "player-idle-3.png",
      "frame": {
        "x": 0,
        "y": 22,
        "w": 21,
        "h": 20
      },
      "rotated": true,
      "trimmed": true,
      "spriteSourceSize": {
        "x": 3,
        "y": 12,
        "w": 21,
        "h": 20
      },
      "sourceSize": {
        "w": 33,
        "h": 32
      },
      "pivot": {
        "x": 0.5,
        "y": 0.5
      }
    },
    {
      "filename": "player-idle-2.png",
      "frame": {
        "x": 18,
        "y": 0,
        "w": 19,
        "h": 21
      },
      "rotated": false,
      "trimmed": true,
      "spriteSourceSize": {
        "x": 5,
        "y": 11,
        "w": 19,
        "h": 21
      },
      "sourceSize": {
        "w": 33,
        "h": 32
      },
      "pivot": {
        "x": 0.5,
        "y": 0.5
      }
    },
    {
      "filename": "player-idle-4.png",
      "frame": {
        "x": 0,
        "y": 43,
        "w": 19,
        "h": 21
      },
      "rotated": false,
      "trimmed": true,
      "spriteSourceSize": {
        "x": 5,
        "y": 11,
        "w": 19,
        "h": 21
      },
      "sourceSize": {
        "w": 33,
        "h": 32
      },
      "pivot": {
        "x": 0.5,
        "y": 0.5
      }
    }
  ],
  "meta": {
    "app": "http://free-tex-packer.com",
    "version": "0.6.7",
    "image": "player-idle.png",
    "format": "RGBA8888",
    "size": {
      "w": 37,
      "h": 64
    },
    "scale": 1
  }
}