{
  "frames": [
    {
      "filename": "02_saw.png",
      "frame": {
        "x": 0,
        "y": 0,
        "w": 32,
        "h": 33
      },
      "rotated": false,
      "trimmed": true,
      "spriteSourceSize": {
        "x": 1,
        "y": 0,
        "w": 32,
        "h": 33
      },
      "sourceSize": {
        "w": 34,
        "h": 34
      },
      "pivot": {
        "x": 0.5,
        "y": 0.5
      }
    },
    {
      "filename": "03_saw.png",
      "frame": {
        "x": 0,
        "y": 33,
        "w": 32,
        "h": 31
      },
      "rotated": true,
      "trimmed": true,
      "spriteSourceSize": {
        "x": 1,
        "y": 2,
        "w": 32,
        "h": 31
      },
      "sourceSize": {
        "w": 34,
        "h": 34
      },
      "pivot": {
        "x": 0.5,
        "y": 0.5
      }
    }
  ],
  "meta": {
    "app": "http://free-tex-packer.com",
    "version": "0.6.7",
    "image": "saw.png",
    "format": "RGBA8888",
    "size": {
      "w": 32,
      "h": 65
    },
    "scale": 1
  }
}