{
	"textures": [
		{
			"image": "water",
			"format": "RGBA8888",
			"size": {
				"w": 256,
				"h": 27
			},
			"scale": 1,
			"frames": [
				{
					"filename": "00_water_a_8frames.png",
					"rotated": false,
					"trimmed": true,
					"sourceSize": {
						"w": 32,
						"h": 32
					},
					"spriteSourceSize": {
						"x": 0,
						"y": 5,
						"w": 32,
						"h": 27
					},
					"frame": {
						"x": 0,
						"y": 0,
						"w": 32,
						"h": 27
					}
				},
				{
					"filename": "01_water_a_8frames.png",
					"rotated": false,
					"trimmed": true,
					"sourceSize": {
						"w": 32,
						"h": 32
					},
					"spriteSourceSize": {
						"x": 0,
						"y": 5,
						"w": 32,
						"h": 27
					},
					"frame": {
						"x": 32,
						"y": 0,
						"w": 32,
						"h": 27
					}
				},
				{
					"filename": "02_water_a_8frames.png",
					"rotated": false,
					"trimmed": true,
					"sourceSize": {
						"w": 32,
						"h": 32
					},
					"spriteSourceSize": {
						"x": 0,
						"y": 5,
						"w": 32,
						"h": 27
					},
					"frame": {
						"x": 64,
						"y": 0,
						"w": 32,
						"h": 27
					}
				},
				{
					"filename": "03_water_a_8frames.png",
					"rotated": false,
					"trimmed": true,
					"sourceSize": {
						"w": 32,
						"h": 32
					},
					"spriteSourceSize": {
						"x": 0,
						"y": 5,
						"w": 32,
						"h": 27
					},
					"frame": {
						"x": 96,
						"y": 0,
						"w": 32,
						"h": 27
					}
				},
				{
					"filename": "04_water_a_8frames.png",
					"rotated": false,
					"trimmed": true,
					"sourceSize": {
						"w": 32,
						"h": 32
					},
					"spriteSourceSize": {
						"x": 0,
						"y": 5,
						"w": 32,
						"h": 27
					},
					"frame": {
						"x": 128,
						"y": 0,
						"w": 32,
						"h": 27
					}
				},
				{
					"filename": "05_water_a_8frames.png",
					"rotated": false,
					"trimmed": true,
					"sourceSize": {
						"w": 32,
						"h": 32
					},
					"spriteSourceSize": {
						"x": 0,
						"y": 5,
						"w": 32,
						"h": 27
					},
					"frame": {
						"x": 160,
						"y": 0,
						"w": 32,
						"h": 27
					}
				},
				{
					"filename": "06_water_a_8frames.png",
					"rotated": false,
					"trimmed": true,
					"sourceSize": {
						"w": 32,
						"h": 32
					},
					"spriteSourceSize": {
						"x": 0,
						"y": 5,
						"w": 32,
						"h": 27
					},
					"frame": {
						"x": 192,
						"y": 0,
						"w": 32,
						"h": 27
					}
				},
				{
					"filename": "07_water_a_8frames.png",
					"rotated": false,
					"trimmed": true,
					"sourceSize": {
						"w": 32,
						"h": 32
					},
					"spriteSourceSize": {
						"x": 0,
						"y": 5,
						"w": 32,
						"h": 27
					},
					"frame": {
						"x": 224,
						"y": 0,
						"w": 32,
						"h": 27
					}
				}
			]
		}
	],
	"meta": {
		"app": "http://free-tex-packer.com",
		"version": "0.6.7"
	}
}